N#ffffff,N#ffffff,N#ffffff,N#ffffff,N#ffffff,N#ffffff,N#ffffff,N#ffffff,N#ffffff,N#ffffff,N#ffffff,N#ffffff,N#ffffff,N#ffffff,N#ffffff,N#ffffff,N#ffffff,N#ffffff,N#ffffff,N#ffffff,N#ffffff,N#ffffff,N#ffffff,N#ffffff,N#ffffff,N#ffffff,N#ffffff,N#ffffff,N#ffffff,N#ffffff,N#ffffff,N#ffffff,N#ffffff,N#ffffff,N#ffffff,N#ffffff,N#ffffff,N#ffffff,N#ffffff,N#ffffff,N#ffffff,N#ffffff,N#ffffff,N#ffffff,N#ffffff,N#ffffff,N#ffffff,N#ffffff,N#ffffff,N#ffffff,N#ffffff,N#ffffff,N#ffffff,N#ffffff,N#ffffff,N#ffffff,N#ffffff,N#ffffff,N#ffffff,N#ffffff,N#ffffff,N#ffffff,N#ffffff,N#ffffff,
N#ffffff,N#ffffff,N#ffffff,N#ffffff,N#ffffff,N#ffffff,N#ffffff,N#ffffff,N#ffffff,N#ffffff,N#ffffff,N#ffffff,N#ffffff,N#ffffff,N#ffffff,N#ffffff,N#ffffff,N#ffffff,N#ffffff,N#ffffff,N#ffffff,N#ffffff,N#ffffff,N#ffffff,N#ffffff,N#ffffff,N#ffffff,N#ffffff,N#ffffff,N#ffffff,N#ffffff,N#ffffff,N#ffffff,N#ffffff,N#ffffff,N#ffffff,N#ffffff,N#ffffff,N#ffffff,N#ffffff,N#ffffff,N#ffffff,N#ffffff,N#ffffff,N#ffffff,N#ffffff,N#ffffff,N#ffffff,N#ffffff,N#ffffff,N#ffffff,N#ffffff,N#ffffff,N#ffffff,N#ffffff,N#ffffff,N#ffffff,N#ffffff,N#ffffff,N#ffffff,N#ffffff,N#ffffff,N#ffffff,N#ffffff,
N#ffffff,N#ffffff,N#ffffff,N#ffffff,N#ffffff,N#ffffff,N#ffffff,N#ffffff,N#ffffff,N#ffffff,N#ffffff,N#ffffff,N#ffffff,N#ffffff,N#ffffff,N#ffffff,N#ffffff,N#ffffff,N#ffffff,N#ffffff,N#ffffff,N#ffffff,N#ffffff,N#ffffff,N#ffffff,N#ffffff,N#ffffff,N#ffffff,N#ffffff,N#ffffff,N#ffffff,N#ffffff,N#ffffff,N#ffffff,N#ffffff,N#ffffff,N#ffffff,N#ffffff,N#ffffff,N#ffffff,N#ffffff,N#ffffff,N#ffffff,N#ffffff,N#ffffff,N#ffffff,N#ffffff,N#ffffff,N#ffffff,N#ffffff,N#ffffff,N#ffffff,N#ffffff,N#ffffff,N#ffffff,N#ffffff,N#ffffff,N#ffffff,N#ffffff,N#ffffff,N#ffffff,N#ffffff,N#ffffff,N#ffffff,
N#ffffff,N#ffffff,N#ffffff,N#ffffff,N#ffffff,N#ffffff,N#ffffff,N#ffffff,N#ffffff,N#ffffff,N#ffffff,N#ffffff,N#ffffff,N#ffffff,N#ffffff,N#ffffff,N#ffffff,N#ffffff,N#ffffff,N#ffffff,N#ffffff,N#ffffff,N#ffffff,N#ffffff,N#ffffff,N#ffffff,N#ffffff,N#ffffff,N#ffffff,N#ffffff,N#ffffff,N#ffffff,N#ffffff,N#ffffff,N#ffffff,N#ffffff,N#ffffff,N#ffffff,N#ffffff,N#ffffff,N#ffffff,N#ffffff,N#ffffff,N#ffffff,N#ffffff,N#ffffff,N#ffffff,N#ffffff,N#ffffff,N#ffffff,N#ffffff,N#ffffff,N#ffffff,N#ffffff,N#ffffff,N#ffffff,N#ffffff,N#ffffff,N#ffffff,N#ffffff,N#ffffff,N#ffffff,N#ffffff,N#ffffff,
N#ffffff,N#ffffff,N#ffffff,N#ffffff,N#ffffff,N#ffffff,N#ffffff,N#ffffff,N#ffffff,N#ffffff,N#ffffff,N#ffffff,N#ffffff,N#ffffff,N#ffffff,N#ffffff,N#ffffff,N#ffffff,N#ffffff,N#ffffff,N#ffffff,N#ffffff,N#ffffff,N#ffffff,N#ffffff,N#ffffff,N#ffffff,N#ffffff,N#ffffff,N#ffffff,N#ffffff,N#ffffff,N#ffffff,N#ffffff,N#ffffff,N#ffffff,N#ffffff,N#ffffff,N#ffffff,N#ffffff,N#ffffff,N#ffffff,N#ffffff,N#ffffff,N#ffffff,N#ffffff,N#ffffff,N#ffffff,N#ffffff,N#ffffff,N#ffffff,N#ffffff,N#ffffff,N#ffffff,N#ffffff,N#ffffff,N#ffffff,N#ffffff,N#ffffff,N#ffffff,N#ffffff,N#ffffff,N#ffffff,N#ffffff,
N#ffffff,N#ffffff,N#ffffff,N#ffffff,N#ffffff,N#ffffff,N#ffffff,N#ffffff,N#ffffff,N#ffffff,N#ffffff,N#ffffff,N#ffffff,N#ffffff,N#ffffff,N#ffffff,N#ffffff,N#ffffff,N#ffffff,N#ffffff,N#ffffff,N#ffffff,N#ffffff,N#ffffff,N#ffffff,N#ffffff,N#ffffff,N#ffffff,N#ffffff,N#ffffff,N#ffffff,N#ffffff,N#ffffff,N#ffffff,N#ffffff,N#ffffff,N#ffffff,N#ffffff,N#ffffff,N#ffffff,N#ffffff,H#000000,N#ffffff,N#ffffff,N#ffffff,N#ffffff,N#ffffff,N#ffffff,N#ffffff,N#ffffff,N#ffffff,N#ffffff,N#ffffff,N#ffffff,N#ffffff,N#ffffff,N#ffffff,N#ffffff,N#ffffff,N#ffffff,N#ffffff,N#ffffff,N#ffffff,N#ffffff,
N#ffffff,N#ffffff,N#ffffff,N#ffffff,N#ffffff,N#ffffff,N#ffffff,N#ffffff,N#ffffff,N#ffffff,H#000000,N#ffffff,N#ffffff,N#ffffff,N#ffffff,N#ffffff,N#ffffff,N#ffffff,N#ffffff,N#ffffff,N#ffffff,N#ffffff,N#ffffff,N#ffffff,N#ffffff,N#ffffff,N#ffffff,N#ffffff,N#ffffff,N#ffffff,N#ffffff,N#ffffff,N#ffffff,N#ffffff,N#ffffff,N#ffffff,N#ffffff,N#ffffff,N#ffffff,N#ffffff,N#ffffff,N#ffffff,N#ffffff,N#ffffff,N#ffffff,N#ffffff,N#ffffff,N#ffffff,N#ffffff,N#ffffff,N#ffffff,N#ffffff,N#ffffff,N#ffffff,N#ffffff,N#ffffff,N#ffffff,N#ffffff,N#ffffff,N#ffffff,N#ffffff,N#ffffff,N#ffffff,N#ffffff,
N#ffffff,N#ffffff,N#ffffff,N#ffffff,N#ffffff,N#ffffff,N#ffffff,N#ffffff,N#ffffff,N#ffffff,N#ffffff,N#ffffff,N#ffffff,N#ffffff,N#ffffff,N#ffffff,N#ffffff,N#ffffff,N#ffffff,N#ffffff,N#ffffff,N#ffffff,N#ffffff,N#ffffff,N#ffffff,N#ffffff,N#ffffff,N#ffffff,N#ffffff,N#ffffff,N#ffffff,N#ffffff,N#ffffff,N#ffffff,N#ffffff,N#ffffff,N#ffffff,N#ffffff,N#ffffff,N#ffffff,N#ffffff,N#ffffff,N#ffffff,N#ffffff,N#ffffff,N#ffffff,N#ffffff,N#ffffff,N#ffffff,N#ffffff,N#ffffff,N#ffffff,N#ffffff,N#ffffff,N#ffffff,N#ffffff,N#ffffff,N#ffffff,N#ffffff,N#ffffff,N#ffffff,N#ffffff,N#ffffff,N#ffffff,
N#ffffff,N#ffffff,N#ffffff,N#ffffff,N#ffffff,N#ffffff,N#ffffff,N#ffffff,N#ffffff,N#ffffff,N#ffffff,N#ffffff,N#ffffff,N#ffffff,N#ffffff,N#ffffff,N#ffffff,N#ffffff,N#ffffff,N#ffffff,N#ffffff,N#ffffff,N#ffffff,N#ffffff,N#ffffff,N#ffffff,N#ffffff,N#ffffff,N#ffffff,N#ffffff,H#000000,N#ffffff,N#ffffff,N#ffffff,N#ffffff,N#ffffff,N#ffffff,N#ffffff,N#ffffff,N#ffffff,N#ffffff,N#ffffff,N#ffffff,N#ffffff,N#ffffff,N#ffffff,N#ffffff,N#ffffff,N#ffffff,N#ffffff,N#ffffff,N#ffffff,N#ffffff,N#ffffff,N#ffffff,N#ffffff,N#ffffff,N#ffffff,N#ffffff,N#ffffff,N#ffffff,N#ffffff,N#ffffff,N#ffffff,
N#ffffff,N#ffffff,N#ffffff,N#ffffff,N#ffffff,N#ffffff,N#ffffff,N#ffffff,N#ffffff,N#ffffff,N#ffffff,N#ffffff,N#ffffff,N#ffffff,N#ffffff,H#000000,N#ffffff,N#ffffff,N#ffffff,N#ffffff,N#ffffff,N#ffffff,N#ffffff,N#ffffff,N#ffffff,N#ffffff,N#ffffff,N#ffffff,N#ffffff,N#ffffff,N#ffffff,N#ffffff,N#ffffff,N#ffffff,N#ffffff,N#ffffff,N#ffffff,N#ffffff,N#ffffff,N#ffffff,N#ffffff,N#ffffff,N#ffffff,N#ffffff,N#ffffff,N#ffffff,N#ffffff,N#ffffff,N#ffffff,N#ffffff,N#ffffff,N#ffffff,N#ffffff,N#ffffff,N#ffffff,N#ffffff,N#ffffff,N#ffffff,N#ffffff,N#ffffff,N#ffffff,N#ffffff,N#ffffff,N#ffffff,
N#ffffff,N#ffffff,N#ffffff,H#000000,N#ffffff,N#ffffff,N#ffffff,N#ffffff,N#ffffff,N#ffffff,N#ffffff,N#ffffff,N#ffffff,N#ffffff,N#ffffff,N#ffffff,N#ffffff,N#ffffff,N#ffffff,N#ffffff,N#ffffff,N#ffffff,N#ffffff,N#ffffff,N#ffffff,N#ffffff,N#ffffff,N#ffffff,N#ffffff,N#ffffff,N#ffffff,N#ffffff,N#ffffff,N#ffffff,N#ffffff,N#ffffff,N#ffffff,N#ffffff,N#ffffff,N#ffffff,N#ffffff,N#ffffff,N#ffffff,N#ffffff,N#ffffff,N#ffffff,N#ffffff,N#ffffff,H#000000,N#ffffff,N#ffffff,N#ffffff,N#ffffff,N#ffffff,N#ffffff,N#ffffff,N#ffffff,N#ffffff,N#ffffff,N#ffffff,N#ffffff,N#ffffff,N#ffffff,N#ffffff,
N#ffffff,N#ffffff,N#ffffff,N#ffffff,N#ffffff,N#ffffff,N#ffffff,N#ffffff,N#ffffff,N#ffffff,N#ffffff,N#ffffff,N#ffffff,N#ffffff,N#ffffff,N#ffffff,N#ffffff,H#000000,N#ffffff,N#ffffff,N#ffffff,N#ffffff,N#ffffff,N#ffffff,N#ffffff,N#ffffff,N#ffffff,N#ffffff,N#ffffff,N#ffffff,N#ffffff,N#ffffff,N#ffffff,N#ffffff,N#ffffff,N#ffffff,N#ffffff,N#ffffff,N#ffffff,N#ffffff,N#ffffff,N#ffffff,N#ffffff,N#ffffff,N#ffffff,N#ffffff,N#ffffff,N#ffffff,N#ffffff,N#ffffff,N#ffffff,N#ffffff,N#ffffff,N#ffffff,N#ffffff,N#ffffff,N#ffffff,N#ffffff,N#ffffff,N#ffffff,N#ffffff,N#ffffff,N#ffffff,N#ffffff,
N#ffffff,N#ffffff,N#ffffff,N#ffffff,N#ffffff,N#ffffff,N#ffffff,N#ffffff,N#ffffff,N#ffffff,N#ffffff,N#ffffff,N#ffffff,N#ffffff,N#ffffff,N#ffffff,N#ffffff,N#ffffff,N#ffffff,N#ffffff,N#ffffff,N#ffffff,N#ffffff,N#ffffff,N#ffffff,N#ffffff,N#ffffff,N#ffffff,N#ffffff,N#ffffff,N#ffffff,N#ffffff,N#ffffff,N#ffffff,N#ffffff,N#ffffff,N#ffffff,N#ffffff,N#ffffff,N#ffffff,N#ffffff,N#ffffff,N#ffffff,N#ffffff,N#ffffff,N#ffffff,N#ffffff,N#ffffff,N#ffffff,N#ffffff,N#ffffff,N#ffffff,N#ffffff,N#ffffff,N#ffffff,N#ffffff,N#ffffff,N#ffffff,N#ffffff,N#ffffff,N#ffffff,N#ffffff,N#ffffff,N#ffffff,
N#ffffff,N#ffffff,N#ffffff,N#ffffff,N#ffffff,N#ffffff,N#ffffff,N#ffffff,N#ffffff,N#ffffff,N#ffffff,N#ffffff,N#ffffff,N#ffffff,N#ffffff,N#ffffff,N#ffffff,N#ffffff,N#ffffff,N#ffffff,N#ffffff,N#ffffff,N#ffffff,N#ffffff,N#ffffff,N#ffffff,N#ffffff,N#ffffff,N#ffffff,N#ffffff,H#000000,N#ffffff,N#ffffff,N#ffffff,N#ffffff,N#ffffff,N#ffffff,N#ffffff,N#ffffff,N#ffffff,N#ffffff,N#ffffff,N#ffffff,N#ffffff,N#ffffff,N#ffffff,N#ffffff,N#ffffff,N#ffffff,N#ffffff,N#ffffff,N#ffffff,N#ffffff,N#ffffff,N#ffffff,N#ffffff,N#ffffff,N#ffffff,N#ffffff,N#ffffff,N#ffffff,N#ffffff,N#ffffff,N#ffffff,
N#ffffff,N#ffffff,N#ffffff,N#ffffff,N#ffffff,N#ffffff,N#ffffff,N#ffffff,N#ffffff,N#ffffff,N#ffffff,N#ffffff,N#ffffff,N#ffffff,N#ffffff,N#ffffff,N#ffffff,N#ffffff,N#ffffff,N#ffffff,N#ffffff,N#ffffff,N#ffffff,N#ffffff,N#ffffff,N#ffffff,N#ffffff,N#ffffff,N#ffffff,N#ffffff,N#ffffff,N#ffffff,N#ffffff,N#ffffff,N#ffffff,N#ffffff,N#ffffff,N#ffffff,N#ffffff,N#ffffff,N#ffffff,N#ffffff,N#ffffff,N#ffffff,N#ffffff,N#ffffff,N#ffffff,N#ffffff,N#ffffff,N#ffffff,N#ffffff,N#ffffff,N#ffffff,N#ffffff,N#ffffff,N#ffffff,N#ffffff,N#ffffff,N#ffffff,N#ffffff,N#ffffff,N#ffffff,N#ffffff,N#ffffff,
N#ffffff,N#ffffff,N#ffffff,N#ffffff,N#ffffff,N#ffffff,N#ffffff,N#ffffff,N#ffffff,N#ffffff,N#ffffff,N#ffffff,N#ffffff,N#ffffff,N#ffffff,N#ffffff,N#ffffff,N#ffffff,N#ffffff,N#ffffff,N#ffffff,N#ffffff,N#ffffff,N#ffffff,N#ffffff,N#ffffff,N#ffffff,N#ffffff,N#ffffff,N#ffffff,N#ffffff,N#ffffff,N#ffffff,N#ffffff,N#ffffff,N#ffffff,N#ffffff,N#ffffff,N#ffffff,N#ffffff,N#ffffff,N#ffffff,N#ffffff,N#ffffff,N#ffffff,N#ffffff,N#ffffff,N#ffffff,N#ffffff,N#ffffff,N#ffffff,N#ffffff,N#ffffff,N#ffffff,N#ffffff,N#ffffff,N#ffffff,N#ffffff,N#ffffff,N#ffffff,N#ffffff,N#ffffff,N#ffffff,N#ffffff,
N#ffffff,N#ffffff,N#ffffff,N#ffffff,N#ffffff,N#ffffff,N#ffffff,N#ffffff,N#ffffff,N#ffffff,N#ffffff,N#ffffff,N#ffffff,N#ffffff,N#ffffff,N#ffffff,N#ffffff,N#ffffff,N#ffffff,N#ffffff,N#ffffff,N#ffffff,N#ffffff,N#ffffff,N#ffffff,N#ffffff,N#ffffff,N#ffffff,N#ffffff,N#ffffff,N#ffffff,N#ffffff,N#ffffff,N#ffffff,N#ffffff,N#ffffff,N#ffffff,N#ffffff,H#000000,N#ffffff,N#ffffff,N#ffffff,N#ffffff,N#ffffff,N#ffffff,N#ffffff,N#ffffff,N#ffffff,N#ffffff,N#ffffff,N#ffffff,N#ffffff,N#ffffff,N#ffffff,N#ffffff,N#ffffff,N#ffffff,N#ffffff,N#ffffff,N#ffffff,N#ffffff,N#ffffff,N#ffffff,N#ffffff,
N#ffffff,N#ffffff,N#ffffff,N#ffffff,N#ffffff,N#ffffff,N#ffffff,N#ffffff,N#ffffff,N#ffffff,N#ffffff,N#ffffff,N#ffffff,N#ffffff,N#ffffff,N#ffffff,N#ffffff,N#ffffff,N#ffffff,N#ffffff,N#ffffff,N#ffffff,N#ffffff,N#ffffff,N#ffffff,N#ffffff,N#ffffff,N#ffffff,N#ffffff,N#ffffff,N#ffffff,N#ffffff,N#ffffff,N#ffffff,N#ffffff,N#ffffff,N#ffffff,N#ffffff,N#ffffff,N#ffffff,N#ffffff,N#ffffff,N#ffffff,N#ffffff,N#ffffff,N#ffffff,N#ffffff,N#ffffff,N#ffffff,N#ffffff,N#ffffff,N#ffffff,N#ffffff,N#ffffff,N#ffffff,N#ffffff,N#ffffff,N#ffffff,N#ffffff,N#ffffff,N#ffffff,N#ffffff,N#ffffff,N#ffffff,
N#ffffff,N#ffffff,N#ffffff,N#ffffff,N#ffffff,N#ffffff,N#ffffff,N#ffffff,N#ffffff,N#ffffff,N#ffffff,N#ffffff,N#ffffff,N#ffffff,N#ffffff,N#ffffff,N#ffffff,N#ffffff,N#ffffff,N#ffffff,N#ffffff,N#ffffff,N#ffffff,N#ffffff,N#ffffff,N#ffffff,N#ffffff,N#ffffff,N#ffffff,N#ffffff,N#ffffff,N#ffffff,N#ffffff,N#ffffff,N#ffffff,N#ffffff,N#ffffff,N#ffffff,N#ffffff,N#ffffff,N#ffffff,N#ffffff,N#ffffff,N#ffffff,N#ffffff,N#ffffff,N#ffffff,N#ffffff,N#ffffff,N#ffffff,N#ffffff,N#ffffff,N#ffffff,N#ffffff,N#ffffff,N#ffffff,N#ffffff,N#ffffff,N#ffffff,N#ffffff,N#ffffff,N#ffffff,N#ffffff,N#ffffff,
N#ffffff,N#ffffff,N#ffffff,N#ffffff,N#ffffff,N#ffffff,N#ffffff,N#ffffff,N#ffffff,N#ffffff,N#ffffff,N#ffffff,N#ffffff,N#ffffff,N#ffffff,N#ffffff,N#ffffff,N#ffffff,N#ffffff,N#ffffff,N#ffffff,N#ffffff,N#ffffff,N#ffffff,N#ffffff,N#ffffff,N#ffffff,N#ffffff,N#ffffff,N#ffffff,N#ffffff,N#ffffff,N#ffffff,N#ffffff,N#ffffff,N#ffffff,N#ffffff,N#ffffff,N#ffffff,N#ffffff,N#ffffff,N#ffffff,N#ffffff,N#ffffff,N#ffffff,N#ffffff,N#ffffff,N#ffffff,N#ffffff,N#ffffff,N#ffffff,N#ffffff,N#ffffff,N#ffffff,N#ffffff,N#ffffff,N#ffffff,N#ffffff,N#ffffff,N#ffffff,N#ffffff,N#ffffff,N#ffffff,N#ffffff,
N#ffffff,N#ffffff,N#ffffff,N#ffffff,N#ffffff,N#ffffff,N#ffffff,N#ffffff,N#ffffff,N#ffffff,H#000000,N#ffffff,N#ffffff,N#ffffff,N#ffffff,N#ffffff,N#ffffff,N#ffffff,N#ffffff,N#ffffff,N#ffffff,N#ffffff,N#ffffff,N#ffffff,N#ffffff,N#ffffff,N#ffffff,N#ffffff,N#ffffff,N#ffffff,N#ffffff,N#ffffff,N#ffffff,N#ffffff,N#ffffff,N#ffffff,N#ffffff,N#ffffff,N#ffffff,N#ffffff,N#ffffff,N#ffffff,N#ffffff,N#ffffff,N#ffffff,N#ffffff,N#ffffff,N#ffffff,N#ffffff,N#ffffff,N#ffffff,N#ffffff,N#ffffff,N#ffffff,N#ffffff,N#ffffff,N#ffffff,N#ffffff,N#ffffff,N#ffffff,N#ffffff,N#ffffff,N#ffffff,N#ffffff,
N#ffffff,N#ffffff,N#ffffff,N#ffffff,N#ffffff,N#ffffff,N#ffffff,N#ffffff,N#ffffff,N#ffffff,N#ffffff,N#ffffff,N#ffffff,N#ffffff,N#ffffff,N#ffffff,N#ffffff,N#ffffff,N#ffffff,N#ffffff,N#ffffff,N#ffffff,N#ffffff,N#ffffff,N#ffffff,N#ffffff,N#ffffff,N#ffffff,N#ffffff,N#ffffff,N#ffffff,N#ffffff,N#ffffff,N#ffffff,N#ffffff,N#ffffff,N#ffffff,N#ffffff,N#ffffff,N#ffffff,N#ffffff,N#ffffff,N#ffffff,N#ffffff,N#ffffff,N#ffffff,N#ffffff,N#ffffff,N#ffffff,N#ffffff,N#ffffff,N#ffffff,N#ffffff,N#ffffff,N#ffffff,N#ffffff,N#ffffff,N#ffffff,N#ffffff,N#ffffff,N#ffffff,N#ffffff,N#ffffff,N#ffffff,
N#ffffff,N#ffffff,N#ffffff,N#ffffff,N#ffffff,N#ffffff,N#ffffff,N#ffffff,N#ffffff,N#ffffff,N#ffffff,N#ffffff,N#ffffff,N#ffffff,N#ffffff,N#ffffff,N#ffffff,N#ffffff,N#ffffff,N#ffffff,N#ffffff,N#ffffff,N#ffffff,N#ffffff,N#ffffff,N#ffffff,N#ffffff,N#ffffff,N#ffffff,N#ffffff,N#ffffff,N#ffffff,N#ffffff,N#ffffff,N#ffffff,N#ffffff,N#ffffff,N#ffffff,N#ffffff,N#ffffff,N#ffffff,N#ffffff,N#ffffff,N#ffffff,N#ffffff,N#ffffff,N#ffffff,N#ffffff,N#ffffff,N#ffffff,N#ffffff,N#ffffff,N#ffffff,N#ffffff,N#ffffff,N#ffffff,N#ffffff,N#ffffff,N#ffffff,N#ffffff,N#ffffff,N#ffffff,N#ffffff,N#ffffff,
N#ffffff,N#ffffff,N#ffffff,N#ffffff,N#ffffff,N#ffffff,N#ffffff,N#ffffff,N#ffffff,N#ffffff,N#ffffff,N#ffffff,N#ffffff,N#ffffff,N#ffffff,N#ffffff,N#ffffff,N#ffffff,N#ffffff,N#ffffff,N#ffffff,N#ffffff,N#ffffff,N#ffffff,N#ffffff,N#ffffff,N#ffffff,N#ffffff,N#ffffff,N#ffffff,N#ffffff,N#ffffff,N#ffffff,N#ffffff,N#ffffff,N#ffffff,N#ffffff,N#ffffff,N#ffffff,N#ffffff,N#ffffff,N#ffffff,N#ffffff,N#ffffff,N#ffffff,N#ffffff,N#ffffff,N#ffffff,N#ffffff,N#ffffff,N#ffffff,N#ffffff,N#ffffff,N#ffffff,N#ffffff,N#ffffff,N#ffffff,N#ffffff,N#ffffff,N#ffffff,N#ffffff,N#ffffff,N#ffffff,N#ffffff,
N#ffffff,N#ffffff,N#ffffff,N#ffffff,N#ffffff,N#ffffff,N#ffffff,N#ffffff,N#ffffff,N#ffffff,N#ffffff,N#ffffff,N#ffffff,N#ffffff,N#ffffff,N#ffffff,N#ffffff,N#ffffff,N#ffffff,N#ffffff,N#ffffff,N#ffffff,N#ffffff,N#ffffff,N#ffffff,N#ffffff,N#ffffff,N#ffffff,N#ffffff,N#ffffff,N#ffffff,N#ffffff,N#ffffff,N#ffffff,N#ffffff,N#ffffff,N#ffffff,N#ffffff,N#ffffff,N#ffffff,N#ffffff,N#ffffff,N#ffffff,N#ffffff,N#ffffff,N#ffffff,N#ffffff,N#ffffff,N#ffffff,N#ffffff,N#ffffff,N#ffffff,N#ffffff,N#ffffff,N#ffffff,N#ffffff,N#ffffff,N#ffffff,N#ffffff,N#ffffff,N#ffffff,N#ffffff,N#ffffff,N#ffffff,
N#ffffff,N#ffffff,N#ffffff,N#ffffff,N#ffffff,N#ffffff,N#ffffff,N#ffffff,N#ffffff,N#ffffff,N#ffffff,N#ffffff,N#ffffff,N#ffffff,N#ffffff,N#ffffff,N#ffffff,N#ffffff,N#ffffff,N#ffffff,N#ffffff,N#ffffff,N#ffffff,N#ffffff,N#ffffff,N#ffffff,N#ffffff,N#ffffff,N#ffffff,N#ffffff,N#ffffff,N#ffffff,N#ffffff,H#000000,N#ffffff,N#ffffff,N#ffffff,N#ffffff,N#ffffff,N#ffffff,N#ffffff,N#ffffff,N#ffffff,N#ffffff,N#ffffff,N#ffffff,N#ffffff,N#ffffff,N#ffffff,N#ffffff,N#ffffff,N#ffffff,N#ffffff,N#ffffff,N#ffffff,N#ffffff,N#ffffff,N#ffffff,N#ffffff,N#ffffff,N#ffffff,N#ffffff,N#ffffff,N#ffffff,
N#ffffff,N#ffffff,N#ffffff,N#ffffff,N#ffffff,N#ffffff,N#ffffff,N#ffffff,N#ffffff,N#ffffff,N#ffffff,N#ffffff,N#ffffff,N#ffffff,N#ffffff,N#ffffff,N#ffffff,N#ffffff,N#ffffff,N#ffffff,N#ffffff,N#ffffff,N#ffffff,N#ffffff,N#ffffff,N#ffffff,N#ffffff,N#ffffff,N#ffffff,N#ffffff,N#ffffff,N#ffffff,N#ffffff,N#ffffff,N#ffffff,N#ffffff,N#ffffff,N#ffffff,N#ffffff,N#ffffff,N#ffffff,N#ffffff,N#ffffff,N#ffffff,N#ffffff,N#ffffff,N#ffffff,N#ffffff,N#ffffff,N#ffffff,N#ffffff,N#ffffff,N#ffffff,N#ffffff,N#ffffff,N#ffffff,N#ffffff,N#ffffff,N#ffffff,N#ffffff,N#ffffff,N#ffffff,N#ffffff,N#ffffff,
N#ffffff,N#ffffff,N#ffffff,N#ffffff,N#ffffff,N#ffffff,N#ffffff,N#ffffff,N#ffffff,N#ffffff,N#ffffff,N#ffffff,N#ffffff,N#ffffff,N#ffffff,N#ffffff,N#ffffff,N#ffffff,N#ffffff,N#ffffff,H#000000,N#ffffff,N#ffffff,N#ffffff,N#ffffff,N#ffffff,N#ffffff,N#ffffff,N#ffffff,N#ffffff,N#ffffff,N#ffffff,N#ffffff,N#ffffff,N#ffffff,N#ffffff,N#ffffff,N#ffffff,N#ffffff,N#ffffff,N#ffffff,N#ffffff,N#ffffff,N#ffffff,N#ffffff,N#ffffff,N#ffffff,N#ffffff,N#ffffff,N#ffffff,N#ffffff,N#ffffff,N#ffffff,N#ffffff,N#ffffff,N#ffffff,N#ffffff,N#ffffff,N#ffffff,N#ffffff,N#ffffff,N#ffffff,N#ffffff,N#ffffff,
N#ffffff,N#ffffff,N#ffffff,N#ffffff,N#ffffff,N#ffffff,N#ffffff,N#ffffff,N#ffffff,N#ffffff,N#ffffff,N#ffffff,N#ffffff,N#ffffff,N#ffffff,N#ffffff,N#ffffff,N#ffffff,N#ffffff,N#ffffff,N#ffffff,N#ffffff,N#ffffff,N#ffffff,N#ffffff,N#ffffff,N#ffffff,N#ffffff,N#ffffff,N#ffffff,N#ffffff,N#ffffff,N#ffffff,N#ffffff,N#ffffff,N#ffffff,N#ffffff,N#ffffff,N#ffffff,N#ffffff,N#ffffff,N#ffffff,N#ffffff,N#ffffff,N#ffffff,N#ffffff,N#ffffff,N#ffffff,N#ffffff,N#ffffff,N#ffffff,N#ffffff,N#ffffff,N#ffffff,N#ffffff,N#ffffff,N#ffffff,N#ffffff,N#ffffff,N#ffffff,N#ffffff,N#ffffff,N#ffffff,N#ffffff,
N#ffffff,N#ffffff,N#ffffff,N#ffffff,N#ffffff,N#ffffff,N#ffffff,N#ffffff,N#ffffff,N#ffffff,N#ffffff,N#ffffff,N#ffffff,N#ffffff,N#ffffff,N#ffffff,N#ffffff,N#ffffff,N#ffffff,N#ffffff,N#ffffff,N#ffffff,N#ffffff,N#ffffff,N#ffffff,N#ffffff,N#ffffff,N#ffffff,N#ffffff,N#ffffff,N#ffffff,N#ffffff,N#ffffff,N#ffffff,N#ffffff,N#ffffff,N#ffffff,N#ffffff,N#ffffff,N#ffffff,N#ffffff,N#ffffff,N#ffffff,N#ffffff,N#ffffff,N#ffffff,N#ffffff,N#ffffff,N#ffffff,N#ffffff,N#ffffff,N#ffffff,N#ffffff,N#ffffff,N#ffffff,N#ffffff,N#ffffff,N#ffffff,N#ffffff,N#ffffff,N#ffffff,N#ffffff,N#ffffff,N#ffffff,
N#ffffff,N#ffffff,N#ffffff,N#ffffff,N#ffffff,N#ffffff,N#ffffff,N#ffffff,N#ffffff,N#ffffff,N#ffffff,N#ffffff,N#ffffff,N#ffffff,N#ffffff,N#ffffff,N#ffffff,N#ffffff,N#ffffff,N#ffffff,N#ffffff,N#ffffff,N#ffffff,N#ffffff,N#ffffff,N#ffffff,N#ffffff,N#ffffff,N#ffffff,N#ffffff,N#ffffff,N#ffffff,N#ffffff,N#ffffff,N#ffffff,N#ffffff,N#ffffff,N#ffffff,N#ffffff,N#ffffff,N#ffffff,N#ffffff,N#ffffff,N#ffffff,N#ffffff,N#ffffff,N#ffffff,N#ffffff,N#ffffff,N#ffffff,N#ffffff,N#ffffff,N#ffffff,N#ffffff,N#ffffff,N#ffffff,N#ffffff,N#ffffff,N#ffffff,N#ffffff,N#ffffff,N#ffffff,N#ffffff,N#ffffff,
N#ffffff,N#ffffff,N#ffffff,N#ffffff,N#ffffff,N#ffffff,N#ffffff,N#ffffff,N#ffffff,N#ffffff,N#ffffff,N#ffffff,N#ffffff,N#ffffff,N#ffffff,N#ffffff,N#ffffff,N#ffffff,N#ffffff,N#ffffff,N#ffffff,N#ffffff,N#ffffff,N#ffffff,N#ffffff,N#ffffff,N#ffffff,N#ffffff,N#ffffff,N#ffffff,N#ffffff,N#ffffff,N#ffffff,N#ffffff,N#ffffff,N#ffffff,N#ffffff,N#ffffff,N#ffffff,N#ffffff,N#ffffff,N#ffffff,N#ffffff,N#ffffff,N#ffffff,N#ffffff,N#ffffff,N#ffffff,N#ffffff,N#ffffff,N#ffffff,N#ffffff,N#ffffff,N#ffffff,N#ffffff,N#ffffff,N#ffffff,N#ffffff,N#ffffff,N#ffffff,N#ffffff,N#ffffff,N#ffffff,N#ffffff,
N#ffffff,N#ffffff,N#ffffff,N#ffffff,N#ffffff,N#ffffff,N#ffffff,N#ffffff,N#ffffff,N#ffffff,N#ffffff,N#ffffff,N#ffffff,N#ffffff,N#ffffff,N#ffffff,N#ffffff,N#ffffff,N#ffffff,N#ffffff,N#ffffff,N#ffffff,N#ffffff,N#ffffff,N#ffffff,N#ffffff,N#ffffff,N#ffffff,N#ffffff,N#ffffff,N#ffffff,N#ffffff,N#ffffff,N#ffffff,N#ffffff,N#ffffff,N#ffffff,N#ffffff,N#ffffff,N#ffffff,N#ffffff,N#ffffff,N#ffffff,N#ffffff,N#ffffff,N#ffffff,N#ffffff,N#ffffff,N#ffffff,N#ffffff,N#ffffff,N#ffffff,N#ffffff,N#ffffff,N#ffffff,N#ffffff,N#ffffff,N#ffffff,N#ffffff,N#ffffff,N#ffffff,N#ffffff,N#ffffff,N#ffffff,
N#ffffff,N#ffffff,N#ffffff,N#ffffff,N#ffffff,N#ffffff,N#ffffff,N#ffffff,N#ffffff,N#ffffff,N#ffffff,N#ffffff,N#ffffff,N#ffffff,N#ffffff,N#ffffff,N#ffffff,N#ffffff,N#ffffff,N#ffffff,N#ffffff,N#ffffff,N#ffffff,N#ffffff,N#ffffff,N#ffffff,N#ffffff,N#ffffff,N#ffffff,N#ffffff,N#ffffff,N#ffffff,N#ffffff,N#ffffff,N#ffffff,N#ffffff,N#ffffff,N#ffffff,N#ffffff,N#ffffff,N#ffffff,N#ffffff,N#ffffff,N#ffffff,N#ffffff,N#ffffff,N#ffffff,N#ffffff,N#ffffff,N#ffffff,N#ffffff,N#ffffff,N#ffffff,N#ffffff,N#ffffff,N#ffffff,N#ffffff,N#ffffff,N#ffffff,N#ffffff,N#ffffff,N#ffffff,N#ffffff,N#ffffff,
N#ffffff,N#ffffff,N#ffffff,N#ffffff,N#ffffff,N#ffffff,N#ffffff,N#ffffff,N#ffffff,N#ffffff,N#ffffff,N#ffffff,N#ffffff,N#ffffff,N#ffffff,N#ffffff,N#ffffff,N#ffffff,N#ffffff,N#ffffff,N#ffffff,N#ffffff,N#ffffff,N#ffffff,N#ffffff,N#ffffff,N#ffffff,N#ffffff,N#ffffff,N#ffffff,N#ffffff,N#ffffff,N#ffffff,N#ffffff,N#ffffff,N#ffffff,N#ffffff,N#ffffff,N#ffffff,N#ffffff,N#ffffff,N#ffffff,N#ffffff,N#ffffff,N#ffffff,N#ffffff,N#ffffff,N#ffffff,N#ffffff,N#ffffff,N#ffffff,N#ffffff,N#ffffff,N#ffffff,N#ffffff,N#ffffff,N#ffffff,N#ffffff,N#ffffff,N#ffffff,N#ffffff,N#ffffff,N#ffffff,N#ffffff,
N#ffffff,N#ffffff,N#ffffff,N#ffffff,N#ffffff,N#ffffff,N#ffffff,N#ffffff,N#ffffff,N#ffffff,N#ffffff,N#ffffff,N#ffffff,N#ffffff,N#ffffff,N#ffffff,N#ffffff,N#ffffff,N#ffffff,N#ffffff,N#ffffff,N#ffffff,N#ffffff,N#ffffff,N#ffffff,N#ffffff,N#ffffff,N#ffffff,N#ffffff,N#ffffff,N#ffffff,N#ffffff,N#ffffff,N#ffffff,N#ffffff,N#ffffff,N#ffffff,N#ffffff,N#ffffff,N#ffffff,N#ffffff,N#ffffff,N#ffffff,N#ffffff,N#ffffff,N#ffffff,N#ffffff,N#ffffff,N#ffffff,N#ffffff,N#ffffff,N#ffffff,N#ffffff,N#ffffff,N#ffffff,N#ffffff,N#ffffff,N#ffffff,N#ffffff,N#ffffff,N#ffffff,N#ffffff,N#ffffff,N#ffffff,
N#ffffff,N#ffffff,N#ffffff,N#ffffff,N#ffffff,N#ffffff,N#ffffff,N#ffffff,N#ffffff,N#ffffff,N#ffffff,N#ffffff,N#ffffff,N#ffffff,N#ffffff,N#ffffff,N#ffffff,N#ffffff,N#ffffff,N#ffffff,N#ffffff,N#ffffff,N#ffffff,N#ffffff,N#ffffff,N#ffffff,N#ffffff,N#ffffff,N#ffffff,N#ffffff,N#ffffff,N#ffffff,N#ffffff,N#ffffff,N#ffffff,N#ffffff,N#ffffff,N#ffffff,N#ffffff,N#ffffff,N#ffffff,N#ffffff,N#ffffff,N#ffffff,N#ffffff,N#ffffff,N#ffffff,N#ffffff,N#ffffff,N#ffffff,N#ffffff,N#ffffff,N#ffffff,N#ffffff,N#ffffff,N#ffffff,N#ffffff,N#ffffff,N#ffffff,N#ffffff,N#ffffff,N#ffffff,N#ffffff,N#ffffff,
N#ffffff,N#ffffff,N#ffffff,N#ffffff,N#ffffff,N#ffffff,N#ffffff,N#ffffff,N#ffffff,N#ffffff,N#ffffff,N#ffffff,N#ffffff,N#ffffff,N#ffffff,N#ffffff,N#ffffff,N#ffffff,N#ffffff,N#ffffff,N#ffffff,N#ffffff,N#ffffff,N#ffffff,N#ffffff,N#ffffff,N#ffffff,N#ffffff,N#ffffff,N#ffffff,N#ffffff,N#ffffff,N#ffffff,N#ffffff,N#ffffff,N#ffffff,N#ffffff,N#ffffff,N#ffffff,N#ffffff,N#ffffff,N#ffffff,N#ffffff,N#ffffff,N#ffffff,N#ffffff,N#ffffff,N#ffffff,N#ffffff,N#ffffff,N#ffffff,N#ffffff,N#ffffff,N#ffffff,N#ffffff,N#ffffff,N#ffffff,N#ffffff,N#ffffff,N#ffffff,N#ffffff,N#ffffff,N#ffffff,N#ffffff,
N#ffffff,N#ffffff,N#ffffff,N#ffffff,N#ffffff,N#ffffff,N#ffffff,N#ffffff,N#ffffff,N#ffffff,N#ffffff,N#ffffff,N#ffffff,N#ffffff,N#ffffff,N#ffffff,N#ffffff,N#ffffff,N#ffffff,N#ffffff,N#ffffff,N#ffffff,N#ffffff,N#ffffff,N#ffffff,N#ffffff,N#ffffff,N#ffffff,N#ffffff,N#ffffff,N#ffffff,N#ffffff,N#ffffff,N#ffffff,N#ffffff,N#ffffff,N#ffffff,N#ffffff,N#ffffff,N#ffffff,N#ffffff,N#ffffff,N#ffffff,N#ffffff,N#ffffff,N#ffffff,N#ffffff,N#ffffff,N#ffffff,N#ffffff,N#ffffff,N#ffffff,N#ffffff,N#ffffff,N#ffffff,N#ffffff,N#ffffff,N#ffffff,N#ffffff,N#ffffff,N#ffffff,N#ffffff,N#ffffff,N#ffffff,
N#ffffff,N#ffffff,N#ffffff,N#ffffff,N#ffffff,N#ffffff,N#ffffff,N#ffffff,N#ffffff,N#ffffff,N#ffffff,N#ffffff,N#ffffff,N#ffffff,N#ffffff,N#ffffff,N#ffffff,N#ffffff,N#ffffff,N#ffffff,N#ffffff,N#ffffff,N#ffffff,N#ffffff,N#ffffff,N#ffffff,N#ffffff,N#ffffff,N#ffffff,N#ffffff,N#ffffff,N#ffffff,N#ffffff,N#ffffff,N#ffffff,N#ffffff,N#ffffff,N#ffffff,N#ffffff,N#ffffff,N#ffffff,N#ffffff,N#ffffff,N#ffffff,N#ffffff,N#ffffff,N#ffffff,N#ffffff,N#ffffff,N#ffffff,N#ffffff,N#ffffff,N#ffffff,N#ffffff,N#ffffff,N#ffffff,N#ffffff,N#ffffff,N#ffffff,N#ffffff,N#ffffff,N#ffffff,N#ffffff,N#ffffff,
N#ffffff,N#ffffff,N#ffffff,N#ffffff,N#ffffff,N#ffffff,N#ffffff,N#ffffff,N#ffffff,N#ffffff,N#ffffff,N#ffffff,N#ffffff,N#ffffff,N#ffffff,N#ffffff,N#ffffff,N#ffffff,N#ffffff,N#ffffff,N#ffffff,N#ffffff,N#ffffff,N#ffffff,N#ffffff,N#ffffff,N#ffffff,N#ffffff,N#ffffff,N#ffffff,N#ffffff,N#ffffff,N#ffffff,N#ffffff,N#ffffff,N#ffffff,N#ffffff,N#ffffff,N#ffffff,N#ffffff,N#ffffff,N#ffffff,N#ffffff,N#ffffff,N#ffffff,N#ffffff,N#ffffff,N#ffffff,N#ffffff,N#ffffff,N#ffffff,N#ffffff,N#ffffff,N#ffffff,N#ffffff,N#ffffff,N#ffffff,N#ffffff,N#ffffff,N#ffffff,N#ffffff,N#ffffff,N#ffffff,N#ffffff,
N#ffffff,N#ffffff,N#ffffff,N#ffffff,N#ffffff,N#ffffff,N#ffffff,N#ffffff,N#ffffff,N#ffffff,N#ffffff,N#ffffff,N#ffffff,N#ffffff,N#ffffff,N#ffffff,N#ffffff,N#ffffff,N#ffffff,N#ffffff,N#ffffff,N#ffffff,N#ffffff,N#ffffff,N#ffffff,N#ffffff,N#ffffff,N#ffffff,N#ffffff,N#ffffff,N#ffffff,N#ffffff,N#ffffff,N#ffffff,N#ffffff,N#ffffff,N#ffffff,N#ffffff,N#ffffff,N#ffffff,N#ffffff,N#ffffff,N#ffffff,N#ffffff,N#ffffff,N#ffffff,N#ffffff,N#ffffff,N#ffffff,N#ffffff,N#ffffff,N#ffffff,N#ffffff,N#ffffff,N#ffffff,N#ffffff,N#ffffff,N#ffffff,N#ffffff,N#ffffff,N#ffffff,N#ffffff,N#ffffff,N#ffffff,
N#ffffff,N#ffffff,N#ffffff,N#ffffff,N#ffffff,N#ffffff,N#ffffff,N#ffffff,N#ffffff,N#ffffff,N#ffffff,N#ffffff,N#ffffff,N#ffffff,N#ffffff,N#ffffff,N#ffffff,N#ffffff,N#ffffff,N#ffffff,N#ffffff,N#ffffff,N#ffffff,N#ffffff,N#ffffff,N#ffffff,N#ffffff,N#ffffff,N#ffffff,N#ffffff,N#ffffff,N#ffffff,N#ffffff,N#ffffff,N#ffffff,N#ffffff,N#ffffff,N#ffffff,N#ffffff,N#ffffff,N#ffffff,N#ffffff,N#ffffff,N#ffffff,N#ffffff,N#ffffff,N#ffffff,N#ffffff,N#ffffff,N#ffffff,N#ffffff,N#ffffff,N#ffffff,N#ffffff,N#ffffff,N#ffffff,N#ffffff,N#ffffff,N#ffffff,N#ffffff,N#ffffff,N#ffffff,N#ffffff,N#ffffff,
N#ffffff,N#ffffff,N#ffffff,N#ffffff,N#ffffff,N#ffffff,N#ffffff,N#ffffff,N#ffffff,N#ffffff,N#ffffff,N#ffffff,N#ffffff,N#ffffff,N#ffffff,N#ffffff,N#ffffff,N#ffffff,N#ffffff,N#ffffff,N#ffffff,N#ffffff,N#ffffff,N#ffffff,N#ffffff,N#ffffff,N#ffffff,N#ffffff,N#ffffff,N#ffffff,N#ffffff,N#ffffff,N#ffffff,N#ffffff,N#ffffff,N#ffffff,N#ffffff,N#ffffff,N#ffffff,N#ffffff,N#ffffff,N#ffffff,N#ffffff,N#ffffff,N#ffffff,N#ffffff,N#ffffff,N#ffffff,N#ffffff,N#ffffff,N#ffffff,N#ffffff,N#ffffff,N#ffffff,N#ffffff,N#ffffff,N#ffffff,N#ffffff,N#ffffff,N#ffffff,N#ffffff,N#ffffff,N#ffffff,N#ffffff,
N#ffffff,N#ffffff,N#ffffff,N#ffffff,N#ffffff,N#ffffff,N#ffffff,N#ffffff,N#ffffff,N#ffffff,N#ffffff,N#ffffff,N#ffffff,N#ffffff,N#ffffff,N#ffffff,N#ffffff,N#ffffff,N#ffffff,N#ffffff,N#ffffff,N#ffffff,N#ffffff,N#ffffff,N#ffffff,N#ffffff,N#ffffff,N#ffffff,N#ffffff,N#ffffff,N#ffffff,N#ffffff,N#ffffff,N#ffffff,N#ffffff,N#ffffff,N#ffffff,N#ffffff,N#ffffff,N#ffffff,N#ffffff,N#ffffff,N#ffffff,N#ffffff,N#ffffff,N#ffffff,N#ffffff,N#ffffff,N#ffffff,N#ffffff,N#ffffff,N#ffffff,N#ffffff,N#ffffff,N#ffffff,N#ffffff,N#ffffff,N#ffffff,N#ffffff,N#ffffff,N#ffffff,N#ffffff,N#ffffff,N#ffffff,
N#ffffff,N#ffffff,N#ffffff,N#ffffff,N#ffffff,N#ffffff,N#ffffff,N#ffffff,N#ffffff,N#ffffff,N#ffffff,N#ffffff,N#ffffff,N#ffffff,N#ffffff,N#ffffff,N#ffffff,N#ffffff,N#ffffff,N#ffffff,N#ffffff,N#ffffff,N#ffffff,N#ffffff,N#ffffff,N#ffffff,N#ffffff,N#ffffff,N#ffffff,N#ffffff,N#ffffff,N#ffffff,N#ffffff,N#ffffff,N#ffffff,N#ffffff,N#ffffff,N#ffffff,N#ffffff,N#ffffff,N#ffffff,N#ffffff,N#ffffff,N#ffffff,N#ffffff,N#ffffff,N#ffffff,N#ffffff,N#ffffff,N#ffffff,N#ffffff,N#ffffff,N#ffffff,N#ffffff,N#ffffff,N#ffffff,N#ffffff,N#ffffff,N#ffffff,N#ffffff,N#ffffff,N#ffffff,N#ffffff,N#ffffff,
N#ffffff,N#ffffff,N#ffffff,N#ffffff,N#ffffff,N#ffffff,N#ffffff,N#ffffff,N#ffffff,N#ffffff,N#ffffff,N#ffffff,N#ffffff,N#ffffff,N#ffffff,N#ffffff,N#ffffff,N#ffffff,N#ffffff,N#ffffff,N#ffffff,N#ffffff,N#ffffff,N#ffffff,N#ffffff,N#ffffff,N#ffffff,N#ffffff,N#ffffff,N#ffffff,N#ffffff,N#ffffff,N#ffffff,N#ffffff,N#ffffff,N#ffffff,N#ffffff,N#ffffff,N#ffffff,N#ffffff,N#ffffff,N#ffffff,N#ffffff,N#ffffff,N#ffffff,N#ffffff,N#ffffff,N#ffffff,N#ffffff,N#ffffff,N#ffffff,N#ffffff,N#ffffff,N#ffffff,N#ffffff,N#ffffff,N#ffffff,N#ffffff,N#ffffff,N#ffffff,N#ffffff,N#ffffff,N#ffffff,N#ffffff,
N#ffffff,N#ffffff,N#ffffff,N#ffffff,N#ffffff,N#ffffff,N#ffffff,N#ffffff,N#ffffff,N#ffffff,N#ffffff,N#ffffff,N#ffffff,N#ffffff,N#ffffff,N#ffffff,N#ffffff,N#ffffff,N#ffffff,N#ffffff,N#ffffff,N#ffffff,N#ffffff,N#ffffff,N#ffffff,N#ffffff,N#ffffff,N#ffffff,N#ffffff,N#ffffff,N#ffffff,N#ffffff,N#ffffff,N#ffffff,N#ffffff,N#ffffff,N#ffffff,N#ffffff,N#ffffff,N#ffffff,N#ffffff,N#ffffff,N#ffffff,N#ffffff,N#ffffff,N#ffffff,N#ffffff,N#ffffff,N#ffffff,N#ffffff,N#ffffff,N#ffffff,N#ffffff,N#ffffff,N#ffffff,N#ffffff,N#ffffff,N#ffffff,N#ffffff,N#ffffff,N#ffffff,N#ffffff,N#ffffff,N#ffffff,
N#ffffff,N#ffffff,N#ffffff,N#ffffff,N#ffffff,N#ffffff,N#ffffff,N#ffffff,N#ffffff,N#ffffff,N#ffffff,N#ffffff,N#ffffff,N#ffffff,N#ffffff,N#ffffff,N#ffffff,N#ffffff,N#ffffff,N#ffffff,N#ffffff,N#ffffff,N#ffffff,N#ffffff,N#ffffff,N#ffffff,N#ffffff,N#ffffff,N#ffffff,N#ffffff,N#ffffff,N#ffffff,N#ffffff,N#ffffff,N#ffffff,N#ffffff,N#ffffff,N#ffffff,N#ffffff,N#ffffff,N#ffffff,N#ffffff,N#ffffff,N#ffffff,N#ffffff,N#ffffff,N#ffffff,N#ffffff,N#ffffff,N#ffffff,N#ffffff,N#ffffff,N#ffffff,N#ffffff,N#ffffff,N#ffffff,N#ffffff,N#ffffff,N#ffffff,N#ffffff,N#ffffff,N#ffffff,N#ffffff,N#ffffff,
N#ffffff,N#ffffff,N#ffffff,N#ffffff,N#ffffff,N#ffffff,N#ffffff,N#ffffff,N#ffffff,N#ffffff,N#ffffff,N#ffffff,N#ffffff,N#ffffff,N#ffffff,N#ffffff,N#ffffff,N#ffffff,N#ffffff,N#ffffff,N#ffffff,N#ffffff,N#ffffff,N#ffffff,N#ffffff,N#ffffff,N#ffffff,N#ffffff,N#ffffff,N#ffffff,N#ffffff,N#ffffff,N#ffffff,N#ffffff,N#ffffff,N#ffffff,N#ffffff,N#ffffff,N#ffffff,N#ffffff,N#ffffff,N#ffffff,N#ffffff,N#ffffff,N#ffffff,N#ffffff,N#ffffff,N#ffffff,N#ffffff,N#ffffff,N#ffffff,N#ffffff,N#ffffff,N#ffffff,N#ffffff,N#ffffff,N#ffffff,N#ffffff,N#ffffff,N#ffffff,N#ffffff,N#ffffff,N#ffffff,N#ffffff,
N#ffffff,N#ffffff,N#ffffff,N#ffffff,N#ffffff,N#ffffff,N#ffffff,N#ffffff,N#ffffff,N#ffffff,N#ffffff,N#ffffff,N#ffffff,N#ffffff,N#ffffff,N#ffffff,N#ffffff,N#ffffff,N#ffffff,N#ffffff,N#ffffff,N#ffffff,N#ffffff,N#ffffff,N#ffffff,N#ffffff,N#ffffff,N#ffffff,N#ffffff,N#ffffff,N#ffffff,N#ffffff,N#ffffff,N#ffffff,N#ffffff,N#ffffff,N#ffffff,N#ffffff,N#ffffff,N#ffffff,N#ffffff,N#ffffff,N#ffffff,N#ffffff,N#ffffff,N#ffffff,N#ffffff,N#ffffff,N#ffffff,N#ffffff,N#ffffff,N#ffffff,N#ffffff,N#ffffff,N#ffffff,N#ffffff,N#ffffff,N#ffffff,N#ffffff,N#ffffff,N#ffffff,N#ffffff,N#ffffff,N#ffffff,
N#ffffff,N#ffffff,N#ffffff,N#ffffff,N#ffffff,N#ffffff,N#ffffff,N#ffffff,N#ffffff,N#ffffff,N#ffffff,N#ffffff,N#ffffff,N#ffffff,N#ffffff,N#ffffff,N#ffffff,N#ffffff,N#ffffff,N#ffffff,N#ffffff,N#ffffff,N#ffffff,N#ffffff,N#ffffff,N#ffffff,N#ffffff,N#ffffff,N#ffffff,N#ffffff,N#ffffff,N#ffffff,N#ffffff,N#ffffff,N#ffffff,N#ffffff,N#ffffff,N#ffffff,N#ffffff,N#ffffff,N#ffffff,N#ffffff,N#ffffff,N#ffffff,N#ffffff,N#ffffff,N#ffffff,N#ffffff,N#ffffff,N#ffffff,N#ffffff,N#ffffff,N#ffffff,N#ffffff,N#ffffff,N#ffffff,N#ffffff,N#ffffff,N#ffffff,N#ffffff,N#ffffff,N#ffffff,N#ffffff,N#ffffff,
N#ffffff,N#ffffff,N#ffffff,N#ffffff,N#ffffff,N#ffffff,N#ffffff,N#ffffff,N#ffffff,N#ffffff,N#ffffff,N#ffffff,N#ffffff,N#ffffff,N#ffffff,N#ffffff,N#ffffff,N#ffffff,N#ffffff,N#ffffff,N#ffffff,N#ffffff,N#ffffff,N#ffffff,N#ffffff,N#ffffff,N#ffffff,N#ffffff,N#ffffff,N#ffffff,N#ffffff,N#ffffff,N#ffffff,N#ffffff,N#ffffff,N#ffffff,N#ffffff,N#ffffff,N#ffffff,N#ffffff,N#ffffff,N#ffffff,N#ffffff,N#ffffff,N#ffffff,N#ffffff,N#ffffff,N#ffffff,N#ffffff,N#ffffff,N#ffffff,N#ffffff,N#ffffff,N#ffffff,N#ffffff,N#ffffff,N#ffffff,N#ffffff,N#ffffff,N#ffffff,N#ffffff,N#ffffff,N#ffffff,N#ffffff,
N#ffffff,N#ffffff,N#ffffff,N#ffffff,N#ffffff,N#ffffff,N#ffffff,N#ffffff,N#ffffff,N#ffffff,N#ffffff,N#ffffff,N#ffffff,N#ffffff,N#ffffff,N#ffffff,N#ffffff,N#ffffff,N#ffffff,N#ffffff,N#ffffff,N#ffffff,N#ffffff,N#ffffff,N#ffffff,N#ffffff,N#ffffff,N#ffffff,N#ffffff,N#ffffff,N#ffffff,N#ffffff,N#ffffff,N#ffffff,N#ffffff,N#ffffff,N#ffffff,N#ffffff,N#ffffff,N#ffffff,N#ffffff,N#ffffff,N#ffffff,N#ffffff,N#ffffff,N#ffffff,N#ffffff,N#ffffff,N#ffffff,N#ffffff,N#ffffff,N#ffffff,N#ffffff,N#ffffff,N#ffffff,N#ffffff,N#ffffff,N#ffffff,N#ffffff,N#ffffff,N#ffffff,N#ffffff,N#ffffff,N#ffffff,
N#ffffff,N#ffffff,N#ffffff,N#ffffff,N#ffffff,N#ffffff,N#ffffff,N#ffffff,N#ffffff,N#ffffff,N#ffffff,N#ffffff,N#ffffff,N#ffffff,N#ffffff,N#ffffff,N#ffffff,N#ffffff,N#ffffff,N#ffffff,N#ffffff,N#ffffff,N#ffffff,N#ffffff,N#ffffff,N#ffffff,N#ffffff,N#ffffff,N#ffffff,N#ffffff,N#ffffff,N#ffffff,N#ffffff,N#ffffff,N#ffffff,N#ffffff,N#ffffff,N#ffffff,N#ffffff,N#ffffff,N#ffffff,N#ffffff,N#ffffff,N#ffffff,N#ffffff,N#ffffff,N#ffffff,N#ffffff,N#ffffff,N#ffffff,N#ffffff,N#ffffff,N#ffffff,N#ffffff,N#ffffff,N#ffffff,N#ffffff,N#ffffff,N#ffffff,N#ffffff,N#ffffff,N#ffffff,N#ffffff,N#ffffff,
N#ffffff,N#ffffff,N#ffffff,N#ffffff,N#ffffff,N#ffffff,N#ffffff,N#ffffff,N#ffffff,N#ffffff,N#ffffff,N#ffffff,N#ffffff,N#ffffff,N#ffffff,N#ffffff,N#ffffff,N#ffffff,N#ffffff,N#ffffff,N#ffffff,N#ffffff,N#ffffff,N#ffffff,N#ffffff,N#ffffff,N#ffffff,N#ffffff,N#ffffff,N#ffffff,N#ffffff,N#ffffff,N#ffffff,N#ffffff,N#ffffff,N#ffffff,N#ffffff,N#ffffff,N#ffffff,N#ffffff,N#ffffff,N#ffffff,N#ffffff,N#ffffff,N#ffffff,N#ffffff,N#ffffff,N#ffffff,N#ffffff,N#ffffff,N#ffffff,N#ffffff,N#ffffff,N#ffffff,N#ffffff,N#ffffff,N#ffffff,N#ffffff,N#ffffff,N#ffffff,N#ffffff,N#ffffff,N#ffffff,N#ffffff,
N#ffffff,N#ffffff,N#ffffff,N#ffffff,N#ffffff,N#ffffff,N#ffffff,N#ffffff,N#ffffff,N#ffffff,N#ffffff,N#ffffff,N#ffffff,N#ffffff,N#ffffff,N#ffffff,N#ffffff,N#ffffff,N#ffffff,N#ffffff,N#ffffff,N#ffffff,N#ffffff,N#ffffff,N#ffffff,N#ffffff,N#ffffff,N#ffffff,N#ffffff,N#ffffff,N#ffffff,N#ffffff,N#ffffff,N#ffffff,N#ffffff,N#ffffff,N#ffffff,N#ffffff,N#ffffff,N#ffffff,N#ffffff,N#ffffff,N#ffffff,N#ffffff,N#ffffff,N#ffffff,N#ffffff,N#ffffff,N#ffffff,N#ffffff,N#ffffff,N#ffffff,N#ffffff,N#ffffff,N#ffffff,N#ffffff,N#ffffff,N#ffffff,N#ffffff,N#ffffff,N#ffffff,N#ffffff,N#ffffff,N#ffffff,
N#ffffff,N#ffffff,N#ffffff,N#ffffff,N#ffffff,N#ffffff,N#ffffff,N#ffffff,N#ffffff,N#ffffff,N#ffffff,N#ffffff,N#ffffff,N#ffffff,N#ffffff,N#ffffff,N#ffffff,N#ffffff,N#ffffff,N#ffffff,N#ffffff,N#ffffff,N#ffffff,N#ffffff,N#ffffff,N#ffffff,N#ffffff,N#ffffff,N#ffffff,N#ffffff,N#ffffff,N#ffffff,N#ffffff,N#ffffff,N#ffffff,N#ffffff,N#ffffff,N#ffffff,N#ffffff,N#ffffff,N#ffffff,N#ffffff,N#ffffff,N#ffffff,N#ffffff,N#ffffff,N#ffffff,N#ffffff,N#ffffff,N#ffffff,N#ffffff,N#ffffff,N#ffffff,N#ffffff,N#ffffff,N#ffffff,N#ffffff,N#ffffff,N#ffffff,N#ffffff,N#ffffff,N#ffffff,N#ffffff,N#ffffff,
N#ffffff,N#ffffff,N#ffffff,N#ffffff,N#ffffff,N#ffffff,N#ffffff,N#ffffff,N#ffffff,N#ffffff,N#ffffff,N#ffffff,N#ffffff,N#ffffff,N#ffffff,N#ffffff,N#ffffff,N#ffffff,N#ffffff,N#ffffff,N#ffffff,N#ffffff,N#ffffff,N#ffffff,N#ffffff,N#ffffff,N#ffffff,N#ffffff,N#ffffff,N#ffffff,N#ffffff,N#ffffff,N#ffffff,N#ffffff,N#ffffff,N#ffffff,N#ffffff,N#ffffff,N#ffffff,N#ffffff,N#ffffff,N#ffffff,N#ffffff,N#ffffff,N#ffffff,N#ffffff,N#ffffff,N#ffffff,N#ffffff,N#ffffff,N#ffffff,N#ffffff,N#ffffff,N#ffffff,N#ffffff,N#ffffff,N#ffffff,N#ffffff,N#ffffff,N#ffffff,N#ffffff,N#ffffff,N#ffffff,N#ffffff,
N#ffffff,N#ffffff,N#ffffff,N#ffffff,N#ffffff,N#ffffff,N#ffffff,N#ffffff,N#ffffff,N#ffffff,N#ffffff,N#ffffff,N#ffffff,N#ffffff,N#ffffff,N#ffffff,N#ffffff,N#ffffff,N#ffffff,N#ffffff,N#ffffff,N#ffffff,N#ffffff,N#ffffff,N#ffffff,N#ffffff,N#ffffff,N#ffffff,N#ffffff,N#ffffff,N#ffffff,N#ffffff,N#ffffff,N#ffffff,N#ffffff,N#ffffff,N#ffffff,N#ffffff,N#ffffff,N#ffffff,N#ffffff,N#ffffff,N#ffffff,N#ffffff,N#ffffff,N#ffffff,N#ffffff,N#ffffff,N#ffffff,N#ffffff,N#ffffff,N#ffffff,N#ffffff,N#ffffff,N#ffffff,N#ffffff,N#ffffff,N#ffffff,N#ffffff,N#ffffff,N#ffffff,N#ffffff,N#ffffff,N#ffffff,
N#ffffff,N#ffffff,N#ffffff,N#ffffff,N#ffffff,N#ffffff,N#ffffff,N#ffffff,N#ffffff,N#ffffff,N#ffffff,N#ffffff,N#ffffff,N#ffffff,N#ffffff,N#ffffff,N#ffffff,N#ffffff,N#ffffff,N#ffffff,N#ffffff,N#ffffff,N#ffffff,N#ffffff,N#ffffff,N#ffffff,N#ffffff,N#ffffff,N#ffffff,N#ffffff,N#ffffff,N#ffffff,N#ffffff,N#ffffff,N#ffffff,N#ffffff,N#ffffff,N#ffffff,N#ffffff,N#ffffff,N#ffffff,N#ffffff,N#ffffff,N#ffffff,N#ffffff,N#ffffff,N#ffffff,N#ffffff,N#ffffff,N#ffffff,N#ffffff,N#ffffff,N#ffffff,N#ffffff,N#ffffff,N#ffffff,N#ffffff,N#ffffff,N#ffffff,N#ffffff,N#ffffff,N#ffffff,N#ffffff,N#ffffff,
N#ffffff,N#ffffff,N#ffffff,N#ffffff,N#ffffff,N#ffffff,N#ffffff,N#ffffff,N#ffffff,N#ffffff,N#ffffff,N#ffffff,N#ffffff,N#ffffff,N#ffffff,N#ffffff,N#ffffff,N#ffffff,N#ffffff,N#ffffff,N#ffffff,N#ffffff,N#ffffff,N#ffffff,N#ffffff,N#ffffff,N#ffffff,N#ffffff,N#ffffff,N#ffffff,N#ffffff,N#ffffff,N#ffffff,N#ffffff,N#ffffff,N#ffffff,N#ffffff,N#ffffff,N#ffffff,N#ffffff,N#ffffff,N#ffffff,N#ffffff,N#ffffff,N#ffffff,N#ffffff,N#ffffff,N#ffffff,N#ffffff,N#ffffff,N#ffffff,N#ffffff,N#ffffff,N#ffffff,N#ffffff,N#ffffff,N#ffffff,N#ffffff,N#ffffff,N#ffffff,N#ffffff,N#ffffff,N#ffffff,N#ffffff,
N#ffffff,N#ffffff,N#ffffff,N#ffffff,N#ffffff,N#ffffff,N#ffffff,N#ffffff,N#ffffff,N#ffffff,N#ffffff,N#ffffff,N#ffffff,N#ffffff,N#ffffff,N#ffffff,N#ffffff,N#ffffff,N#ffffff,N#ffffff,N#ffffff,N#ffffff,N#ffffff,N#ffffff,N#ffffff,N#ffffff,N#ffffff,N#ffffff,N#ffffff,N#ffffff,N#ffffff,N#ffffff,N#ffffff,N#ffffff,N#ffffff,N#ffffff,N#ffffff,N#ffffff,N#ffffff,N#ffffff,N#ffffff,N#ffffff,N#ffffff,N#ffffff,N#ffffff,N#ffffff,N#ffffff,N#ffffff,N#ffffff,N#ffffff,N#ffffff,N#ffffff,N#ffffff,N#ffffff,N#ffffff,N#ffffff,N#ffffff,N#ffffff,N#ffffff,N#ffffff,N#ffffff,N#ffffff,N#ffffff,N#ffffff,
N#ffffff,N#ffffff,N#ffffff,N#ffffff,N#ffffff,N#ffffff,N#ffffff,N#ffffff,N#ffffff,N#ffffff,N#ffffff,N#ffffff,N#ffffff,N#ffffff,N#ffffff,N#ffffff,N#ffffff,N#ffffff,N#ffffff,N#ffffff,N#ffffff,N#ffffff,N#ffffff,N#ffffff,N#ffffff,N#ffffff,N#ffffff,N#ffffff,N#ffffff,N#ffffff,N#ffffff,N#ffffff,N#ffffff,N#ffffff,N#ffffff,N#ffffff,N#ffffff,N#ffffff,N#ffffff,N#ffffff,N#ffffff,N#ffffff,N#ffffff,N#ffffff,N#ffffff,N#ffffff,N#ffffff,N#ffffff,N#ffffff,N#ffffff,N#ffffff,N#ffffff,N#ffffff,N#ffffff,N#ffffff,N#ffffff,N#ffffff,N#ffffff,N#ffffff,N#ffffff,N#ffffff,N#ffffff,N#ffffff,N#ffffff,
